Workbook

Sheet 動量股Top10
A1: 排名 | B1: 代號 | C1: 公司 | D1: 市場 | E1: 產業 | F1: 分類 | G1: 標示 | H1: 收盤價 | I1: 近1週報酬 | J1: 近1月報酬 | K1: 近3月報酬 | L1: 52週高點 | M1: 距52週高點 | N1: 22日均線(警戒) | O1: 距22日線 | P1: 65日均線(失效) | Q1: 距65日線 | R1: 5日均量(張) | S1: 20日均量(張) | T1: 10/16量(張) | U1: 外資5日(張) | V1: 投信5日(張) | W1: 法人買超佔成交值 | X1: 近3月營收年增率 | Y1: 26Q2 EPS | Z1: 25Q2 EPS | AA1: 動量基本分 | AB1: 加分 | AC1: 總分 | AD1: 均線與量價訊號（分析判斷） | AE1: 營收／獲利催化劑（分析判斷） | AF1: 支撐位與失效條件
A2: 1 | B2: 6505 | C2: 台塑化 | D2: 上市 | E2: 油電燃氣業 | F2: 基本面支持 | H2: 122.5 | I2: 0.10859729 | J2: 0.465311 | K2: 0.85045317 | L2: 129 | M2: =H2/L2-1 -> -0.050387597 | N2: 97.89 | O2: =H2/N2-1 -> 0.25140464 | P2: 83 | Q2: =H2/P2-1 -> 0.47590361 | R2: 71676 | S2: 37895 | T2: 49582 | U2: -44275 | V2: 56380 | W2: 0.033777257 | X2: =營收與EPS!I2 -> 0.4899749 | Y2: =營收與EPS!K2 -> 2.18 | Z2: =營收與EPS!L2 -> -0.79 | AA2: =(I2-(-4.47/100))*100*0.2+(J2-(2.01/100))*100*0.3+(K2-(5.3/100))*100*0.5 -> 56.294934 | AB2: 0 | AC2: =AA2+AB2 -> 56.294934 | AD2: 站上 22、65 日線；5 日均量 71,676 張 > 20 日均量 37,895 張；距 52 週高點 -5.0% | AE2: 7～9 月營收年增 32%～66%；26Q2 EPS 2.18 元，去年同季虧損 | AF2: 警戒：跌破 22 日線 97.9 元，減碼一部分；失效：跌破 65 日線 83.0 元，出場或大幅降低部位
A3: 2 | B3: 6278 | C3: 台表科 | D3: 上市 | E3: 光電業 | F3: 基本面支持 | H3: 298.5 | I3: 0.20362903 | J3: 0.60053619 | K3: 0.73043478 | L3: 314.5 | M3: =H3/L3-1 -> -0.050874404 | N3: 227.55 | O3: =H3/N3-1 -> 0.3117996 | P3: 192.11 | Q3: =H3/P3-1 -> 0.5537973 | R3: 33959 | S3: 16382 | T3: 40009 | U3: 22117 | V3: 5185 | W3: 0.16079619 | X3: =營收與EPS!I3 -> 0.13061174 | Y3: =營收與EPS!K3 -> 2.76 | Z3: =營收與EPS!L3 -> 1.64 | AA3: =(I3-(-4.47/100))*100*0.2+(J3-(2.01/100))*100*0.3+(K3-(5.3/100))*100*0.5 -> 56.251406 | AB3: 0 | AC3: =AA3+AB3 -> 56.251406 | AD3: 站上 22、65 日線；5 日均量 33,959 張 > 20 日均量 16,382 張；距 52 週高點 -5.1% | AE3: 7～9 月營收年增 11%～16%；26Q2 EPS 年增 68% | AF3: 警戒：跌破 22 日線 227.5 元，減碼一部分；失效：跌破 65 日線 192.1 元，出場或大幅降低部位
A4: 3 | B4: 3265 | C4: 台星科 | D4: 上櫃 | E4: 半導體業 | F4: 基本面支持 | G4: 處置股 | H4: 269 | I4: 0.1278826 | J4: 0.63030303 | K4: 0.64525994 | L4: 292.5 | M4: =H4/L4-1 -> -0.08034188 | N4: 205.23 | O4: =H4/N4-1 -> 0.31072455 | P4: 179.02 | Q4: =H4/P4-1 -> 0.5026254 | R4: 7118 | S4: 3521 | T4: 2754 | U4: 6440 | V4: 0 | W4: 0.18094125 | X4: =營收與EPS!I4 -> 0.070113765 | Y4: =營收與EPS!K4 -> 2.09 | Z4: =營收與EPS!L4 -> 0.66 | AA4: =(I4-(-4.47/100))*100*0.2+(J4-(2.01/100))*100*0.3+(K4-(5.3/100))*100*0.5 -> 51.37074 | AB4: 0 | AC4: =AA4+AB4 -> 51.37074 | AD4: 站上 22、65 日線；5 日均量 7,118 張 > 20 日均量 3,521 張；距 52 週高點 -8.0% | AE4: 7～9 月營收年增 3%～11%；26Q2 EPS 年增 217% | AF4: 警戒：跌破 22 日線 205.2 元，減碼一部分；失效：跌破 65 日線 179.0 元，出場或大幅降低部位
A5: 4 | B5: 1569 | C5: 濱川 | D5: 上櫃 | E5: 電腦及週邊設備業 | F5: 基本面支持 | G5: 注意股、仍虧損 | H5: 78.9 | I5: 0.12714286 | J5: 0.55928854 | K5: 0.66455696 | L5: 86.3 | M5: =H5/L5-1 -> -0.085747393 | N5: 65.7 | O5: =H5/N5-1 -> 0.20091324 | P5: 51.39 | Q5: =H5/P5-1 -> 0.53531816 | R5: 13675 | S5: 7776 | T5: 8475 | U5: 1773 | V5: 0 | W5: 0.025925906 | X5: =營收與EPS!I5 -> 0.0095447526 | Y5: =營收與EPS!K5 -> -0.94 | Z5: =營收與EPS!L5 -> -2.28 | AA5: =(I5-(-4.47/100))*100*0.2+(J5-(2.01/100))*100*0.3+(K5-(5.3/100))*100*0.5 -> 50.190361 | AB5: 0 | AC5: =AA5+AB5 -> 50.190361 | AD5: 站上 22、65 日線；5 日均量 13,675 張 > 20 日均量 7,776 張；距 52 週高點 -8.6% | AE5: 9 月營收年增 39%，但 7、8 月年減；仍在虧損，26Q2 EPS -0.94 元（虧損比去年縮小） | AF5: 警戒：跌破 22 日線 65.7 元，減碼一部分；失效：跌破 65 日線 51.4 元，出場或大幅降低部位
A6: 5 | B6: 7711 | C6: 永擎 | D6: 上市 | E6: 電腦及週邊設備業 | F6: 基本面支持 | H6: 573 | I6: -0.097637795 | J6: 0.079096045 | K6: 0.82193959 | L6: 675 | M6: =H6/L6-1 -> -0.15111111 | N6: 570 | O6: =H6/N6-1 -> 0.0052631579 | P6: 478 | Q6: =H6/P6-1 -> 0.19874477 | R6: 1216 | S6: 1153 | T6: 592 | U6: 474 | V6: 0 | W6: 0.077975044 | X6: =營收與EPS!I6 -> 0.78085371 | Y6: =營收與EPS!K6 -> 9.76 | Z6: =營收與EPS!L6 -> 6.64 | AA6: =(I6-(-4.47/100))*100*0.2+(J6-(2.01/100))*100*0.3+(K6-(5.3/100))*100*0.5 -> 39.158105 | AB6: 0 | AC6: =AA6+AB6 -> 39.158105 | AD6: 站上 22、65 日線；5 日均量 1,216 張 > 20 日均量 1,153 張；距 52 週高點 -15.1% | AE6: 9 月營收年增 42%；26Q2 EPS 9.76 元、年增 47%（winvest） | AF6: 警戒：跌破 22 日線 570.0 元，減碼一部分；失效：跌破 65 日線 478.0 元，出場或大幅降低部位
A7: 6 | B7: 8039 | C7: 台虹 | D7: 上市 | E7: 電子零組件業 | F7: 題材／籌碼型 | H7: 311.5 | I7: 0.019639935 | J7: 0.14522059 | K7: 0.67924528 | L7: 364 | M7: =H7/L7-1 -> -0.14423077 | N7: 282.95 | O7: =H7/N7-1 -> 0.10090122 | P7: 262.45 | Q7: =H7/P7-1 -> 0.18689274 | R7: 36729 | S7: 25866 | T7: 29292 | U7: 269 | V7: 40 | W7: 0.0016839429 | X7: =營收與EPS!I7 -> -0.13259176 | Y7: =營收與EPS!K7 -> 0.91 | Z7: =營收與EPS!L7 -> 0.13 | AA7: =(I7-(-4.47/100))*100*0.2+(J7-(2.01/100))*100*0.3+(K7-(5.3/100))*100*0.5 -> 36.35268 | AB7: 0 | AC7: =AA7+AB7 -> 36.35268 | AD7: 站上 22、65 日線；5 日均量 36,729 張 > 20 日均量 25,866 張；距 52 週高點 -14.4% | AE7: 9 月營收年減 19%，近三月營收都年減；股價走勢與營收背離 | AF7: 警戒：跌破 22 日線 283.0 元，減碼一部分；失效：跌破 65 日線 262.4 元，出場或大幅降低部位
A8: 7 | B8: 1815 | C8: 富喬 | D8: 上櫃 | E8: 電子零組件業 | F8: 基本面支持 | G8: 最後一天放量上攻 | H8: 140 | I8: 0.037037037 | J8: 0.098039216 | K8: 0.58371041 | L8: 141.5 | M8: =H8/L8-1 -> -0.010600707 | N8: 123.64 | O8: =H8/N8-1 -> 0.13231964 | P8: 106.43 | Q8: =H8/P8-1 -> 0.31541858 | R8: 89282 | S8: 64380 | T8: 146694 | U8: 13409 | V8: 1379 | W8: 0.033126866 | X8: =營收與EPS!I8 -> 0.76512181 | Y8: =營收與EPS!K8 -> 1.45 | Z8: =營收與EPS!L8 -> -0.06 | AA8: =(I8-(-4.47/100))*100*0.2+(J8-(2.01/100))*100*0.3+(K8-(5.3/100))*100*0.5 -> 30.508438 | AB8: 5 | AC8: =AA8+AB8 -> 35.508438 | AD8: 站上 22、65 日線；5 日均量 89,282 張 > 20 日均量 64,380 張；10/16 放量收紅；距 52 週高點 -1.1% | AE8: 7～9 月營收年增 68%～82%；26Q2 EPS 1.45 元，去年同季虧損 | AF8: 警戒：跌破 22 日線 123.6 元，減碼一部分；失效：跌破 65 日線 106.4 元，出場或大幅降低部位
A9: 8 | B9: 6269 | C9: 台郡 | D9: 上市 | E9: 電子零組件業 | F9: 題材／籌碼型 | G9: 最後一天放量上攻、仍虧損 | H9: 82 | I9: 0.28930818 | J9: 0.24054463 | K9: 0.36666667 | L9: 91.8 | M9: =H9/L9-1 -> -0.10675381 | N9: 65.91 | O9: =H9/N9-1 -> 0.24412077 | P9: 63.66 | Q9: =H9/P9-1 -> 0.28809299 | R9: 12984 | S9: 5336 | T9: 27988 | U9: 1682 | V9: 0 | W9: 0.02591407 | X9: =營收與EPS!I9 -> 0.0075545233 | Y9: =營收與EPS!K9 -> -1.68 | Z9: =營收與EPS!L9 -> -1.41 | AA9: =(I9-(-4.47/100))*100*0.2+(J9-(2.01/100))*100*0.3+(K9-(5.3/100))*100*0.5 -> 28.976836 | AB9: 5 | AC9: =AA9+AB9 -> 33.976836 | AD9: 站上 22、65 日線；5 日均量 12,984 張 > 20 日均量 5,336 張；10/16 放量收紅；距 52 週高點 -10.7% | AE9: 9 月營收年減 3%；26Q2 仍虧損 1.68 元，且虧損比去年擴大 | AF9: 警戒：跌破 22 日線 65.9 元，減碼一部分；失效：跌破 65 日線 63.7 元，出場或大幅降低部位
A10: 9 | B10: 6715 | C10: 嘉基 | D10: 上市 | E10: 電子零組件業 | F10: 題材／籌碼型 | G10: 仍虧損 | H10: 500 | I10: 0.077586207 | J10: 0.55520995 | K10: 0.36054422 | L10: 569 | M10: =H10/L10-1 -> -0.12126538 | N10: 457.3 | O10: =H10/N10-1 -> 0.093374153 | P10: 398.74 | Q10: =H10/P10-1 -> 0.25394994 | R10: 3107 | S10: 2624 | T10: 4142 | U10: -467 | V10: 1260 | W10: 0.051030368 | X10: =營收與EPS!I10 -> 0.51911744 | Y10: =營收與EPS!K10 -> -0.12 | Z10: =營收與EPS!L10 -> 0.45 | AA10: =(I10-(-4.47/100))*100*0.2+(J10-(2.01/100))*100*0.3+(K10-(5.3/100))*100*0.5 -> 33.876234 | AB10: 0 | AC10: =AA10+AB10 -> 33.876234 | AD10: 站上 22、65 日線；5 日均量 3,107 張 > 20 日均量 2,624 張；距 52 週高點 -12.1% | AE10: 7～9 月營收大增，但 26Q2 由盈轉虧（-0.12 元） | AF10: 警戒：跌破 22 日線 457.3 元，減碼一部分；失效：跌破 65 日線 398.7 元，出場或大幅降低部位
A11: 10 | B11: 2603 | C11: 長榮 | D11: 上市 | E11: 航運業 | F11: 基本面支持 | G11: 法人強力買超 | H11: 265.5 | I11: 0.14193548 | J11: 0.13219616 | K11: 0.36503856 | L11: 270.5 | M11: =H11/L11-1 -> -0.018484288 | N11: 243.61 | O11: =H11/N11-1 -> 0.089856738 | P11: 228.17 | Q11: =H11/P11-1 -> 0.16360608 | R11: 30933 | S11: 13048 | T11: 17645 | U11: 28867 | V11: 10695 | W11: 0.25578836 | X11: =營收與EPS!I11 -> 0.51439637 | Y11: =營收與EPS!K11 -> 7.41 | Z11: =營收與EPS!L11 -> 5.06 | AA11: =(I11-(-4.47/100))*100*0.2+(J11-(2.01/100))*100*0.3+(K11-(5.3/100))*100*0.5 -> 22.697523 | AB11: 10 | AC11: =AA11+AB11 -> 32.697523 | AD11: 站上 22、65 日線；5 日均量 30,933 張 > 20 日均量 13,048 張；距 52 週高點 -1.8% | AE11: 7～9 月營收年增 43%～64%；26Q2 EPS 年增 46% | AF11: 警戒：跌破 22 日線 243.6 元，減碼一部分；失效：跌破 65 日線 228.2 元，出場或大幅降低部位
A13: 注意：近期強勢不代表未來報酬；題材／籌碼型為高波動動量，需嚴設停損。訊號與催化劑欄為根據數字的分析判斷，尚未查證新聞與法說內容。
A14: 藍字＝來源數字；黑字＝公式。綠底＝基本面支持；橘底＝題材／籌碼型。

Sheet 營收與EPS
A1: 代號 | B1: 公司 | C1: 7月營收 | D1: 去年7月 | E1: 8月營收 | F1: 去年8月 | G1: 9月營收 | H1: 去年9月 | I1: 近3月營收年增率 | J1: 9月營收年增率 | K1: 26Q2 EPS | L1: 25Q2 EPS | M1: 26Q1 EPS | N1: 25Q1 EPS | O1: 備註
A2: 6505 | B2: 台塑化 | C2: 74820784 | D2: 56534424 | E2: 81905672 | F2: 54499632 | G2: 86928034 | H2: 52495202 | I2: =(C2+E2+G2)/(D2+F2+H2)-1 -> 0.4899749 | J2: =G2/H2-1 -> 0.65592341 | K2: 2.18 | L2: -0.79 | M2: 2.14 | N2: 0.39
A3: 6278 | B3: 台表科 | C3: 4667997 | D3: 4161114 | E3: 4628384 | F3: 4174612 | G3: 5162030 | H3: 4452405 | I3: =(C3+E3+G3)/(D3+F3+H3)-1 -> 0.13061174 | J3: =G3/H3-1 -> 0.15938016 | K3: 2.76 | L3: 1.64 | M3: 2.17 | N3: 2.88
A4: 3265 | B4: 台星科 | C4: 421419 | D4: 395506 | E4: 401868 | F4: 388792 | G4: 399822 | H4: 358673 | I4: =(C4+E4+G4)/(D4+F4+H4)-1 -> 0.070113765 | J4: =G4/H4-1 -> 0.11472567 | K4: 2.09 | L4: 0.66 | M4: 1.76 | N4: 1.54
A5: 1569 | B5: 濱川 | C5: 207224 | D5: 241532 | E5: 208971 | F5: 279673 | G5: 400981 | H5: 288245 | I5: =(C5+E5+G5)/(D5+F5+H5)-1 -> 0.0095447526 | J5: =G5/H5-1 -> 0.39111173 | K5: -0.94 | L5: -2.28 | M5: -0.73 | N5: -1.33
A6: 7711 | B6: 永擎 | C6: 5143796 | D6: 1332030 | E6: 2154000 | F6: 2118828 | G6: 4517586 | H6: 3183815 | I6: =(C6+E6+G6)/(D6+F6+H6)-1 -> 0.78085371 | J6: =G6/H6-1 -> 0.41892227 | K6: 9.76 | L6: 6.64 | M6: 7.68 | O6: 8 月營收 21.54 億、年增 1.66% 取自 winvest 營收快訊，去年同月由年增率反推；25Q2 EPS 由「26Q2 EPS 9.76 元、年增 47%」反推（同一來源）；Yahoo 只列 2025Q3 以後
A7: 8039 | B7: 台虹 | C7: 847235 | D7: 901908 | E7: 806704 | F7: 936162 | G7: 839825 | H7: 1036890 | I7: =(C7+E7+G7)/(D7+F7+H7)-1 -> -0.13259176 | J7: =G7/H7-1 -> -0.19005391 | K7: 0.91 | L7: 0.13 | M7: 0.65 | N7: 0.32
A8: 1815 | B8: 富喬 | C8: 854379 | D8: 508238 | E8: 912400 | F8: 509132 | G8: 938542 | H8: 515284 | I8: =(C8+E8+G8)/(D8+F8+H8)-1 -> 0.76512181 | J8: =G8/H8-1 -> 0.82140722 | K8: 1.45 | L8: -0.06 | M8: 0.79 | N8: 0.33
A9: 6269 | B9: 台郡 | C9: 2045178 | D9: 1967149 | E9: 1997131 | F9: 1970931 | G9: 2099160 | H9: 2157341 | I9: =(C9+E9+G9)/(D9+F9+H9)-1 -> 0.0075545233 | J9: =G9/H9-1 -> -0.026968847 | K9: -1.68 | L9: -1.41 | M9: -2.6 | N9: -1.76
A10: 6715 | B10: 嘉基 | C10: 154589 | D10: 125326 | E10: 164842 | F10: 77384 | G10: 147649 | H10: 104758 | I10: =(C10+E10+G10)/(D10+F10+H10)-1 -> 0.51911744 | J10: =G10/H10-1 -> 0.40942935 | K10: -0.12 | L10: 0.45 | M10: 1.02 | N10: 0.69
A11: 2603 | B11: 長榮 | C11: 48079100 | D11: 33605172 | E11: 48985696 | F11: 32956840 | G11: 49711309 | H11: 30358522 | I11: =(C11+E11+G11)/(D11+F11+H11)-1 -> 0.51439637 | J11: =G11/H11-1 -> 0.63747461 | K11: 7.41 | L11: 5.06 | M11: 3.84 | N11: 12.64
A13: 單位：營收為千元；EPS 為元（單季）。9 月營收來自證交所／櫃買 OpenAPI 月營收彙總表，7、8 月來自 HiStock 每月營收頁，EPS 來自 Yahoo 股市 EPS 頁。

Sheet 第11-30名
A1: 排名 | B1: 代號 | C1: 公司 | D1: 產業 | E1: 近1週 | F1: 近1月 | G1: 近3月 | H1: 距52週高點 | I1: 法人買超佔成交值 | J1: 9月營收年增率 | K1: 總分 | L1: 標示
A2: 11 | B2: 2884 | C2: 玉山金 | D2: 金融保險業 | E2: 0.092222222 | F2: 0.061555076 | G2: 0.42463768 | H2: -0.016016016 | I2: 0.2644503 | J2: 0.071843956 | K2: 32.6 | L2: 法人強力買超
A3: 12 | B3: 2615 | C3: 萬海 | D3: 航運業 | E3: 0.098654709 | F3: 0.09375 | G3: 0.54282116 | H3: -0.089219331 | I3: 0.0067637891 | J3: 0.97627225 | K3: 29.6
A4: 13 | B4: 2609 | C4: 陽明 | D4: 航運業 | E4: 0.083752094 | F4: 0.089225589 | G4: 0.34791667 | H4: -0.074391989 | I4: 0.26860563 | J4: 0.69935392 | K4: 29.4 | L4: 法人強力買超
A5: 14 | B5: 4927 | C5: 泰鼎-KY | D5: 電子零組件業 | E5: 0.033210332 | F5: 0.3559322 | G5: 0.39650873 | H5: -0.15022762 | I5: 0.076806507 | J5: 0.72828619 | K5: 28.8
A6: 15 | B6: 2027 | C6: 大成鋼 | D6: 鋼鐵工業 | E6: 0.05492228 | F6: 0.094623656 | G6: 0.30179028 | H6: -0.026768642 | I6: 0.40829297 | J6: 0.41071177 | K6: 26.7 | L6: 法人強力買超
A7: 16 | B7: 6209 | C7: 今國光 | D7: 光電業 | E7: 0.1154273 | F7: 0.25625 | G7: 0.28025478 | H7: -0.038277512 | I7: 0.091687314 | J7: 0.81572567 | K7: 26.6 | L7: 最後一天放量上攻
A8: 17 | B8: 2480 | C8: 敦陽科 | D8: 資訊服務業 | E8: 0.13333333 | F8: 0.18730159 | G8: 0.17981073 | H8: -0.050761421 | I8: 0.24265995 | J8: 0.50452857 | K8: 24.9 | L8: 法人強力買超
A9: 18 | B9: 2851 | C9: 中再保 | D9: 金融保險業 | E9: 0.022940563 | F9: 0.040296925 | G9: 0.30278884 | H9: -0.079737336 | I9: 0.23999079 | J9: -0.14940577 | K9: 24.4 | L9: 法人強力買超
A10: 19 | B10: 4961 | C10: 天鈺 | D10: 半導體業 | E10: 0.06741573 | F10: 0.11764706 | G10: 0.13432836 | H10: -0.030612245 | I10: 0.28902669 | J10: 0.56951657 | K10: 24.2 | L10: 法人強力買超、最後一天放量上攻
A11: 20 | B11: 5876 | C11: 上海商銀 | D11: 金融保險業 | E11: 0.093655589 | F11: 0.11613566 | G11: 0.2147651 | H11: -0.0091240876 | I11: 0.45568447 | J11: 0.10696885 | K11: 23.7 | L11: 法人強力買超
A12: 21 | B12: 5309 | C12: 系統電 | D12: 電子零組件業 | E12: 0.056047198 | F12: 0.44209466 | G12: 0.221843 | H12: -0.15165877 | I12: 0.031721567 | J12: 0.17873867 | K12: 23.1
A13: 22 | B13: 2892 | C13: 第一金 | D13: 金融保險業 | E13: 0.07373868 | F13: 0.066838046 | G13: 0.23695976 | H13: -0.014251781 | I13: 0.26117428 | J13: -0.012815335 | K13: 23 | L13: 法人強力買超
A14: 23 | B14: 3034 | C14: 聯詠 | D14: 半導體業 | E14: 0.086629002 | F14: 0.054844607 | G14: 0.23290598 | H14: -0.047854785 | I14: 0.31369006 | J14: 0.24993552 | K14: 22.7 | L14: 法人強力買超
A15: 24 | B15: 6187 | C15: 萬潤 | D15: 半導體業 | E15: -0.075409836 | F15: 0.128 | G15: 0.43147208 | H15: -0.16071429 | I15: 0.03061857 | J15: 1.0923757 | K15: 21.5
A16: 25 | B16: 3167 | C16: 大量 | D16: 電機機械 | E16: 0 | F16: 0.27415459 | G16: 0.21264368 | H16: -0.032110092 | I16: 0.053743955 | J16: 1.7233255 | K16: 21.5 | L16: 最後一天放量上攻
A17: 26 | B17: 3044 | C17: 健鼎 | D17: 電子零組件業 | E17: 0.0034364261 | F17: 0.1496063 | G17: 0.38552788 | H17: -0.033112583 | I17: 0.10355722 | J17: 0.5350006 | K17: 21.5
A18: 27 | B18: 3147 | C18: 大綜 | D18: 資訊服務業 | E18: -0.055194805 | F18: 0.31674208 | G18: 0.30786517 | H18: -0.17329545 | I18: 0.034511097 | J18: 2.8793994 | K18: 21.4
A19: 28 | B19: 4904 | C19: 遠傳 | D19: 通信網路業 | E19: 0.070754717 | F19: 0.075829384 | G19: 0.19348055 | H19: -0.0043859649 | I19: 0.33212384 | J19: 0.087052686 | K19: 21 | L19: 法人強力買超
A20: 29 | B20: 2377 | C20: 微星 | D20: 電腦及週邊設備業 | E20: 0.045307443 | F20: 0.083892617 | G20: 0.098639456 | H20: -0.069164265 | I20: 0.33877115 | J20: 0.018328413 | K20: 21 | L20: 法人強力買超、最後一天放量上攻
A21: 30 | B21: 3045 | C21: 台灣大 | D21: 通信網路業 | E21: 0.052419355 | F21: 0.078512397 | G21: 0.19724771 | H21: -0.018796992 | I21: 0.2962984 | J21: 0.10346626 | K21: 20.9 | L21: 法人強力買超
A23: 第 11 名以後尚未逐檔查 7、8 月營收與單季 EPS，所以還沒分類。

Sheet 篩選規則與來源
A1: 台股動量股初步名單：篩選規則、漏斗與資料來源
A2: 資料截至 | B2: 2026/10/16（週五）收盤；法人資料 10/12～10/16；處置／注意股名單為 10/19 抓取的最新公告
A3: 加權指數報酬 | B3: 近 1 週 -4.47%、近 1 月 +2.01%、近 3 月 +5.30%（1 週＝5 日、1 月＝22 日、3 月＝65 個交易日）
A5: 篩選條件（依序檢查） | B5: 門檻 | C5: 刷掉檔數
A6: 上市櫃普通股、10/16 有成交、交易日足夠 | C6: 52
A7: 市值 | B7: ≥ 100 億元 | C7: 1,255
A8: 全額交割（變更交易） | B8: 剔除（待確認） | C8: 0
A9: 流動性 | B9: 近 20 日平均成交值 ≥ 1 億元 | C9: 240
A10: 趨勢 | B10: 收盤價站上 22 日與 65 日均線 | C10: 232
A11: 報酬 | B11: 近 1 月與近 3 月報酬都高於加權指數 | C11: 83
A12: 量能 | B12: 近 5 日均量 ＞ 近 20 日均量 | C12: 33
A13: 法人 | B13: 外資或投信至少一方 5 日買超，且外資＋投信合計買超 | C13: 15
A14: → 通過 | C14: 73 檔
A16: 排名與標示
A17: 動量基本分 | B17: 1 週、1 月、3 月超額報酬 × 20%、30%、50%
A18: 加分 | B18: 法人買超佔 5 日成交值 ≥ 20%：+10；10/16 量 ＞ 5 日均量 1.5 倍且收紅：+5
A19: 警訊標示 | B19: 10/16 量 ＞ 5 日均量 1.5 倍但收黑：「放量收黑」；處置股、注意股照常保留並標示
A20: 分類 | B20: 最新月營收年增、近 3 月累計營收年增、最近一季 EPS ＞ 去年同季，三項都符合＝基本面支持；否則＝題材／籌碼型
A21: 支撐／失效 | B21: 22 日均線＝警戒（減碼一部分）；65 日均線＝失效（出場或大幅降低部位）
A23: 資料來源
A24: 每日行情（上市／上櫃） | B24: https://www.twse.com.tw/rwd/zh/afterTrading/MI_INDEX ； https://www.tpex.org.tw/www/zh-tw/afterTrading/otc
A25: 加權指數 | B25: https://www.twse.com.tw/rwd/zh/afterTrading/FMTQIK
A26: 三大法人個股買賣超 | B26: https://www.twse.com.tw/rwd/zh/fund/T86 ； https://www.tpex.org.tw/www/zh-tw/insti/dailyTrade
A27: 處置股 | B27: https://openapi.twse.com.tw/v1/announcement/punish ； https://www.tpex.org.tw/openapi/v1/tpex_disposal_information
A28: 注意股 | B28: https://openapi.twse.com.tw/v1/announcement/notice ； https://www.tpex.org.tw/openapi/v1/tpex_trading_warning_information
A29: 月營收（9 月） | B29: https://openapi.twse.com.tw/v1/opendata/t187ap05_L ； https://www.tpex.org.tw/openapi/v1/mopsfin_t187ap05_O
A30: 月營收（7、8 月） | B30: https://histock.tw/stock/代號/每月營收
A31: 單季 EPS | B31: https://tw.stock.yahoo.com/quote/代號.TW/eps（上櫃為 .TWO）
A32: 永擎 8 月營收、Q2 EPS 年增 | B32: https://winvest.tw/News/Detail/94943
A34: 已知限制
A35: 1 | B35: 股價報酬沒有做除權息還原，除息的股票報酬會略為低估
A36: 2 | B36: 處置／注意股名單是 10/19 抓的最新公告，不是 10/16 當天的名單
A37: 3 | B37: 第 11 名以後尚未逐檔分類
A38: 4 | B38: 濱川（1569）依規則算「基本面支持」，但它仍在虧損，EPS 只是虧損比去年小，已加註「仍虧損」
A39: 5 | B39: 均線與量價訊號、催化劑欄為根據數字的分析判斷，尚未查證新聞與法說內容
